patch_id,class_id,class_name
0,2,HerbaceousVegetation
1,2,HerbaceousVegetation
2,2,HerbaceousVegetation
3,2,HerbaceousVegetation
4,2,HerbaceousVegetation
5,2,HerbaceousVegetation
6,2,HerbaceousVegetation
7,2,HerbaceousVegetation
8,2,HerbaceousVegetation
9,5,PermanentCrop
10,5,PermanentCrop
11,2,HerbaceousVegetation
12,2,HerbaceousVegetation
13,2,HerbaceousVegetation
14,2,HerbaceousVegetation
15,2,HerbaceousVegetation
16,2,HerbaceousVegetation
17,2,HerbaceousVegetation
18,6,Residential
19,2,HerbaceousVegetation
20,2,HerbaceousVegetation
21,2,HerbaceousVegetation
22,2,HerbaceousVegetation
23,2,HerbaceousVegetation
24,2,HerbaceousVegetation
25,2,HerbaceousVegetation
26,2,HerbaceousVegetation
27,2,HerbaceousVegetation
28,4,Industrial
29,2,HerbaceousVegetation
30,2,HerbaceousVegetation
31,2,HerbaceousVegetation
32,2,HerbaceousVegetation
33,2,HerbaceousVegetation
34,2,HerbaceousVegetation
35,2,HerbaceousVegetation
36,2,HerbaceousVegetation
37,2,HerbaceousVegetation
38,2,HerbaceousVegetation
39,2,HerbaceousVegetation
40,2,HerbaceousVegetation
41,2,HerbaceousVegetation
42,2,HerbaceousVegetation
43,2,HerbaceousVegetation
44,2,HerbaceousVegetation
45,2,HerbaceousVegetation
46,2,HerbaceousVegetation
47,5,PermanentCrop
48,2,HerbaceousVegetation
49,2,HerbaceousVegetation
50,2,HerbaceousVegetation
51,2,HerbaceousVegetation
52,2,HerbaceousVegetation
53,2,HerbaceousVegetation
54,4,Industrial
55,2,HerbaceousVegetation
56,4,Industrial
57,2,HerbaceousVegetation
58,2,HerbaceousVegetation
59,2,HerbaceousVegetation
60,2,HerbaceousVegetation
61,2,HerbaceousVegetation
62,2,HerbaceousVegetation
63,2,HerbaceousVegetation
64,2,HerbaceousVegetation
65,2,HerbaceousVegetation
66,2,HerbaceousVegetation
67,2,HerbaceousVegetation
68,2,HerbaceousVegetation
69,2,HerbaceousVegetation
70,2,HerbaceousVegetation
71,2,HerbaceousVegetation
72,2,HerbaceousVegetation
73,2,HerbaceousVegetation
74,5,PermanentCrop
75,4,Industrial
76,2,HerbaceousVegetation
77,2,HerbaceousVegetation
78,2,HerbaceousVegetation
79,2,HerbaceousVegetation
80,2,HerbaceousVegetation
81,2,HerbaceousVegetation
82,2,HerbaceousVegetation
83,4,Industrial
84,2,HerbaceousVegetation
85,4,Industrial
86,2,HerbaceousVegetation
87,2,HerbaceousVegetation
88,2,HerbaceousVegetation
89,2,HerbaceousVegetation
90,2,HerbaceousVegetation
91,7,River
92,2,HerbaceousVegetation
93,2,HerbaceousVegetation
94,2,HerbaceousVegetation
95,2,HerbaceousVegetation
96,2,HerbaceousVegetation
97,2,HerbaceousVegetation
98,2,HerbaceousVegetation
99,2,HerbaceousVegetation
100,2,HerbaceousVegetation
101,2,HerbaceousVegetation
102,2,HerbaceousVegetation
103,2,HerbaceousVegetation
104,2,HerbaceousVegetation
105,2,HerbaceousVegetation
106,2,HerbaceousVegetation
107,2,HerbaceousVegetation
108,2,HerbaceousVegetation
109,2,HerbaceousVegetation
110,2,HerbaceousVegetation
111,2,HerbaceousVegetation
112,4,Industrial
113,4,Industrial
114,2,HerbaceousVegetation
115,2,HerbaceousVegetation
116,2,HerbaceousVegetation
117,2,HerbaceousVegetation
118,2,HerbaceousVegetation
119,2,HerbaceousVegetation
120,2,HerbaceousVegetation
121,3,Highway
122,3,Highway
123,2,HerbaceousVegetation
124,2,HerbaceousVegetation
125,2,HerbaceousVegetation
126,2,HerbaceousVegetation
127,2,HerbaceousVegetation
128,2,HerbaceousVegetation
129,2,HerbaceousVegetation
130,2,HerbaceousVegetation
131,2,HerbaceousVegetation
132,2,HerbaceousVegetation
133,2,HerbaceousVegetation
134,2,HerbaceousVegetation
135,2,HerbaceousVegetation
136,2,HerbaceousVegetation
137,4,Industrial
138,4,Industrial
139,2,HerbaceousVegetation
140,4,Industrial
141,2,HerbaceousVegetation
142,2,HerbaceousVegetation
143,6,Residential
144,2,HerbaceousVegetation
145,7,River
146,7,River
147,2,HerbaceousVegetation
148,2,HerbaceousVegetation
149,2,HerbaceousVegetation
150,2,HerbaceousVegetation
151,2,HerbaceousVegetation
152,2,HerbaceousVegetation
153,2,HerbaceousVegetation
154,2,HerbaceousVegetation
155,2,HerbaceousVegetation
156,2,HerbaceousVegetation
157,2,HerbaceousVegetation
158,2,HerbaceousVegetation
159,2,HerbaceousVegetation
160,4,Industrial
161,2,HerbaceousVegetation
162,2,HerbaceousVegetation
163,2,HerbaceousVegetation
164,2,HerbaceousVegetation
165,2,HerbaceousVegetation
166,2,HerbaceousVegetation
167,4,Industrial
168,2,HerbaceousVegetation
169,2,HerbaceousVegetation
170,2,HerbaceousVegetation
171,2,HerbaceousVegetation
172,2,HerbaceousVegetation
173,2,HerbaceousVegetation
174,2,HerbaceousVegetation
175,2,HerbaceousVegetation
176,2,HerbaceousVegetation
177,6,Residential
178,2,HerbaceousVegetation
179,2,HerbaceousVegetation
180,2,HerbaceousVegetation
181,2,HerbaceousVegetation
182,2,HerbaceousVegetation
183,4,Industrial
184,2,HerbaceousVegetation
185,2,HerbaceousVegetation
186,2,HerbaceousVegetation
187,2,HerbaceousVegetation
188,2,HerbaceousVegetation
189,2,HerbaceousVegetation
190,2,HerbaceousVegetation
191,2,HerbaceousVegetation
192,2,HerbaceousVegetation
193,7,River
194,2,HerbaceousVegetation
195,2,HerbaceousVegetation
196,2,HerbaceousVegetation
197,2,HerbaceousVegetation
198,2,HerbaceousVegetation
199,2,HerbaceousVegetation
200,2,HerbaceousVegetation
201,2,HerbaceousVegetation
202,2,HerbaceousVegetation
203,2,HerbaceousVegetation
204,2,HerbaceousVegetation
205,2,HerbaceousVegetation
206,2,HerbaceousVegetation
207,2,HerbaceousVegetation
208,2,HerbaceousVegetation
209,2,HerbaceousVegetation
210,2,HerbaceousVegetation
211,2,HerbaceousVegetation
212,3,Highway
213,2,HerbaceousVegetation
214,2,HerbaceousVegetation
215,2,HerbaceousVegetation
216,2,HerbaceousVegetation
217,2,HerbaceousVegetation
218,2,HerbaceousVegetation
219,2,HerbaceousVegetation
220,2,HerbaceousVegetation
221,2,HerbaceousVegetation
222,2,HerbaceousVegetation
223,2,HerbaceousVegetation
224,2,HerbaceousVegetation
225,2,HerbaceousVegetation
226,2,HerbaceousVegetation
227,2,HerbaceousVegetation
228,2,HerbaceousVegetation
229,2,HerbaceousVegetation
230,2,HerbaceousVegetation
231,2,HerbaceousVegetation
232,2,HerbaceousVegetation
233,2,HerbaceousVegetation
234,2,HerbaceousVegetation
235,2,HerbaceousVegetation
236,2,HerbaceousVegetation
237,2,HerbaceousVegetation
238,2,HerbaceousVegetation
239,2,HerbaceousVegetation
240,2,HerbaceousVegetation
241,2,HerbaceousVegetation
242,2,HerbaceousVegetation
243,2,HerbaceousVegetation
244,2,HerbaceousVegetation
245,2,HerbaceousVegetation
246,2,HerbaceousVegetation
247,2,HerbaceousVegetation
248,2,HerbaceousVegetation
249,2,HerbaceousVegetation
250,2,HerbaceousVegetation
251,2,HerbaceousVegetation
252,4,Industrial
253,2,HerbaceousVegetation
254,4,Industrial
255,2,HerbaceousVegetation
256,2,HerbaceousVegetation
257,3,Highway
258,2,HerbaceousVegetation
259,2,HerbaceousVegetation
260,2,HerbaceousVegetation
261,2,HerbaceousVegetation
262,6,Residential
263,2,HerbaceousVegetation
264,4,Industrial
265,7,River
266,2,HerbaceousVegetation
267,2,HerbaceousVegetation
268,2,HerbaceousVegetation
269,2,HerbaceousVegetation
270,2,HerbaceousVegetation
271,2,HerbaceousVegetation
272,2,HerbaceousVegetation
273,2,HerbaceousVegetation
274,2,HerbaceousVegetation
275,2,HerbaceousVegetation
276,4,Industrial
277,2,HerbaceousVegetation
278,4,Industrial
279,2,HerbaceousVegetation
280,2,HerbaceousVegetation
281,2,HerbaceousVegetation
282,2,HerbaceousVegetation
283,2,HerbaceousVegetation
284,2,HerbaceousVegetation
285,2,HerbaceousVegetation
286,2,HerbaceousVegetation
287,4,Industrial
288,4,Industrial
289,2,HerbaceousVegetation
290,2,HerbaceousVegetation
291,4,Industrial
292,2,HerbaceousVegetation
293,2,HerbaceousVegetation
294,7,River
295,2,HerbaceousVegetation
296,2,HerbaceousVegetation
297,2,HerbaceousVegetation
298,2,HerbaceousVegetation
299,2,HerbaceousVegetation
300,2,HerbaceousVegetation
301,2,HerbaceousVegetation
302,2,HerbaceousVegetation
303,3,Highway
304,2,HerbaceousVegetation
305,2,HerbaceousVegetation
306,2,HerbaceousVegetation
307,2,HerbaceousVegetation
308,2,HerbaceousVegetation
309,2,HerbaceousVegetation
310,5,PermanentCrop
311,2,HerbaceousVegetation
312,2,HerbaceousVegetation
313,2,HerbaceousVegetation
314,2,HerbaceousVegetation
315,2,HerbaceousVegetation
316,2,HerbaceousVegetation
317,4,Industrial
318,4,Industrial
319,4,Industrial
320,2,HerbaceousVegetation
321,4,Industrial
322,2,HerbaceousVegetation
323,2,HerbaceousVegetation
324,7,River
325,7,River
326,2,HerbaceousVegetation
327,2,HerbaceousVegetation
328,2,HerbaceousVegetation
329,2,HerbaceousVegetation
330,2,HerbaceousVegetation
331,3,Highway
332,2,HerbaceousVegetation
333,2,HerbaceousVegetation
334,2,HerbaceousVegetation
335,2,HerbaceousVegetation
336,2,HerbaceousVegetation
337,2,HerbaceousVegetation
338,2,HerbaceousVegetation
339,4,Industrial
340,2,HerbaceousVegetation
341,2,HerbaceousVegetation
342,2,HerbaceousVegetation
343,2,HerbaceousVegetation
344,2,HerbaceousVegetation
345,2,HerbaceousVegetation
346,4,Industrial
347,2,HerbaceousVegetation
348,2,HerbaceousVegetation
349,2,HerbaceousVegetation
350,2,HerbaceousVegetation
351,2,HerbaceousVegetation
352,2,HerbaceousVegetation
353,2,HerbaceousVegetation
354,2,HerbaceousVegetation
355,7,River
356,3,Highway
357,2,HerbaceousVegetation
358,2,HerbaceousVegetation
359,2,HerbaceousVegetation
360,3,Highway
361,2,HerbaceousVegetation
362,2,HerbaceousVegetation
363,2,HerbaceousVegetation
364,2,HerbaceousVegetation
365,2,HerbaceousVegetation
366,2,HerbaceousVegetation
367,2,HerbaceousVegetation
368,2,HerbaceousVegetation
369,2,HerbaceousVegetation
370,2,HerbaceousVegetation
371,2,HerbaceousVegetation
372,2,HerbaceousVegetation
373,2,HerbaceousVegetation
374,2,HerbaceousVegetation
375,2,HerbaceousVegetation
376,2,HerbaceousVegetation
377,4,Industrial
378,2,HerbaceousVegetation
379,2,HerbaceousVegetation
380,2,HerbaceousVegetation
381,2,HerbaceousVegetation
382,2,HerbaceousVegetation
383,2,HerbaceousVegetation
384,3,Highway
385,2,HerbaceousVegetation
386,2,HerbaceousVegetation
387,2,HerbaceousVegetation
388,2,HerbaceousVegetation
389,2,HerbaceousVegetation
390,2,HerbaceousVegetation
391,2,HerbaceousVegetation
392,2,HerbaceousVegetation
393,2,HerbaceousVegetation
394,2,HerbaceousVegetation
395,2,HerbaceousVegetation
396,2,HerbaceousVegetation
397,2,HerbaceousVegetation
398,2,HerbaceousVegetation
399,2,HerbaceousVegetation
400,2,HerbaceousVegetation
401,4,Industrial
402,4,Industrial
403,2,HerbaceousVegetation
404,4,Industrial
405,2,HerbaceousVegetation
406,2,HerbaceousVegetation
407,2,HerbaceousVegetation
408,2,HerbaceousVegetation
409,2,HerbaceousVegetation
410,2,HerbaceousVegetation
411,2,HerbaceousVegetation
412,3,Highway
413,4,Industrial
414,2,HerbaceousVegetation
415,2,HerbaceousVegetation
416,2,HerbaceousVegetation
417,2,HerbaceousVegetation
418,2,HerbaceousVegetation
419,2,HerbaceousVegetation
420,2,HerbaceousVegetation
421,2,HerbaceousVegetation
422,2,HerbaceousVegetation
423,4,Industrial
424,4,Industrial
425,2,HerbaceousVegetation
426,2,HerbaceousVegetation
427,2,HerbaceousVegetation
428,2,HerbaceousVegetation
429,2,HerbaceousVegetation
430,2,HerbaceousVegetation
431,4,Industrial
432,4,Industrial
433,4,Industrial
434,2,HerbaceousVegetation
435,2,HerbaceousVegetation
436,2,HerbaceousVegetation
437,4,Industrial
438,2,HerbaceousVegetation
439,2,HerbaceousVegetation
440,2,HerbaceousVegetation
441,2,HerbaceousVegetation
442,2,HerbaceousVegetation
443,3,Highway
444,2,HerbaceousVegetation
445,2,HerbaceousVegetation
446,2,HerbaceousVegetation
447,2,HerbaceousVegetation
448,2,HerbaceousVegetation
449,2,HerbaceousVegetation
450,2,HerbaceousVegetation
451,2,HerbaceousVegetation
452,2,HerbaceousVegetation
453,2,HerbaceousVegetation
454,2,HerbaceousVegetation
455,4,Industrial
456,2,HerbaceousVegetation
457,4,Industrial
458,2,HerbaceousVegetation
459,2,HerbaceousVegetation
460,2,HerbaceousVegetation
